Id;Type;Date;FirstName;LastName;City
1;Invoice;2022-11-24;Roseline;Ahab;Belmopan
2;Order;2022-02-15;Leia;Virgin;N'Djamena
3;Invoice;2022-10-24;Chrystel;Vale;Mamoudzou
4;Order;2022-10-23;Melina;Bergman;Saint-Pierre
5;Order;2022-05-14;Mara;Hurley;Lubumbashi
6;Receipt;2022-01-01;Zaria;Francene;Helsinki
7;Order;2022-04-12;Kalina;Vernier;Bahía Blanca
8;Receipt;2022-10-09;Florie;Zuzana;Omsk
9;Receipt;2022-06-17;Patricia;Ellerey;Cuiabá
10;Invoice;2022-09-11;Miquela;Thema;Bandung
11;Invoice;2022-05-25;Kathi;Cavan;Niamey
12;Invoice;2022-07-31;Joane;Elbertina;Anchorage
13;Order;2022-04-06;Harrietta;Pulsifer;Dededo
14;Invoice;2022-05-24;Britni;Tengdin;Faisalabad
15;Invoice;2022-09-11;Penelopa;Mike;Lisbon
16;Order;2022-01-03;Madalyn;Sikorski;Timbuktu
17;Receipt;2022-09-07;Danny;Himelman;Gold Coast
18;Order;2022-11-15;Max;Jethro;Padang
19;Receipt;2022-11-04;Katharina;Ingra;Kaohsiung
20;Receipt;2022-03-19;Fernande;Janith;Apia
21;Order;2022-11-19;Libbie;Martguerita;Kathmandu
22;Order;2022-01-08;Charlena;Alejoa;Providence
23;Invoice;2022-07-17;Jennica;Wallis;Suva
24;Invoice;2022-10-20;Kial;Pandolfi;Philadelphia
25;Receipt;2022-10-17;Netty;Madelene;N'Djamena
26;Receipt;2022-12-26;Fred;Boehike;Cardiff
27;Order;2022-05-22;Sheelagh;Gale;Strasbourg
28;Receipt;2022-12-17;Anallese;Garek;Chongjin
29;Receipt;2022-06-18;Minne;Leopold;Damascus
30;Order;2022-02-24;Rosaline;Joli;Pyongyang
31;Receipt;2022-11-01;Alyda;Jena;Albuquerque
32;Receipt;2022-09-28;Cissiee;Timon;Chittagong
33;Invoice;2022-02-19;Steffane;Bluh;Zhengzhou
34;Invoice;2022-12-02;Florencia;Marsden;Konya
35;Invoice;2022-05-20;Silvana;Malvino;Banda Aceh
36;Order;2022-09-13;Marti;Papageno;Surabaya
37;Order;2022-01-14;Goldie;Ietta;Lubumbashi
38;Invoice;2022-07-15;Gilda;Carmena;Yakutsk
39;Order;2022-07-29;Emilia;Avi;Jakarta
40;Order;2022-10-05;Candi;Jagir;Winnipeg
41;Order;2022-03-30;Natka;Blase;Ibadan
42;Order;2022-09-29;Selma;Swigart;Agartala
43;Receipt;2022-05-02;Talya;Morrill;Pelotas
44;Invoice;2022-01-29;Gabi;Hachmin;Bratsk
45;Invoice;2022-12-12;Alexine;Levey;Sofia
46;Invoice;2022-11-11;Xylina;An;Quito
47;Invoice;2022-07-14;Juliane;Joachim;Damascus
48;Receipt;2022-11-30;Adriana;Millda;Puebla
49;Invoice;2022-02-19;Alameda;Clarissa;Bishkek
50;Receipt;2022-10-01;Daune;Eno;Yogyakarta (city)
51;Receipt;2022-11-16;Elyssa;Ogren;Koror
52;Receipt;2022-03-22;Almeta;Libna;Daegu
53;Receipt;2022-06-27;June;Raama;The Valley
54;Invoice;2022-01-31;Gui;Gwenore;Providence
55;Order;2022-02-07;Jinny;Larochelle;The Valley
56;Order;2022-11-01;Dania;Markman;Geneva
57;Order;2022-08-20;Alleen;Sikorski;Fukuoka
58;Order;2022-03-08;Kate;Strephon;Kraków
59;Order;2022-08-30;Giustina;Corabella;Veracruz
60;Order;2022-02-08;Cristabel;Pandolfi;Winnipeg
61;Receipt;2022-06-03;Kaja;Schenck;Bilbao
62;Invoice;2022-09-29;Michaelina;Arley;Nanjing
63;Invoice;2022-06-21;Cissiee;Wiener;Belfast
64;Receipt;2022-01-29;Chrystel;Mott;Santa Cruz de la Sierra
65;Order;2022-12-09;Jillayne;Sallyann;Tiraspol
66;Order;2022-11-04;Demetris;Geffner;Cologne
67;Receipt;2022-08-07;Jaime;Sabella;Marrakech
68;Order;2022-03-31;Bobinette;Grayce;Minneapolis
69;Invoice;2022-08-03;Carmencita;Ferrell;Reykjavík
70;Receipt;2022-08-09;Mariann;Engdahl;Phuket (city)
71;Receipt;2022-12-12;Georgetta;Birdella;Road Town
72;Receipt;2022-06-14;Darlleen;Kelula;Doha
73;Order;2022-06-26;Dari;Percy;Manama
74;Order;2022-09-18;Marita;Kendrick;Malabo
75;Order;2022-07-14;Tobe;Pattin;Lanzhou
76;Order;2022-09-20;Hollie;Wildermuth;Reykjavík
77;Invoice;2022-12-01;Neila;Bryna;Yerevan
78;Invoice;2022-04-30;Gisela;Clara;Rawalpindi
79;Receipt;2022-03-18;Donetta;Firmin;Detroit
80;Order;2022-11-19;Morganica;Persse;Norilsk
81;Receipt;2022-02-07;Maisey;Sandye;Lucknow
82;Receipt;2022-06-28;Dianemarie;Plato;Pune
83;Invoice;2022-04-27;Berget;Taam;Brisbane
84;Invoice;2022-11-29;Jeanna;Sallyann;Cape Town
85;Receipt;2022-06-08;Misha;Ader;Tabriz
86;Order;2022-09-02;Marcelline;Muriel;Jayapura
87;Receipt;2022-11-21;Sallie;Demitria;Hanga Roa
88;Receipt;2022-02-21;Elka;Erich;Kota Kinabalu
89;Invoice;2022-06-12;Vita;Cristi;Buenos Aires
90;Order;2022-09-05;Leontine;Wesle;Beirut
91;Order;2022-11-23;Priscilla;Amethist;Darwin
92;Invoice;2022-12-17;Marika;Joseph;Gaza
93;Invoice;2022-05-08;Arlena;Sharl;Saint-Pierre
94;Order;2022-05-23;Valeda;Duwalt;Omsk
95;Invoice;2022-12-29;Sibella;Valoniah;Saint-Pierre
96;Order;2022-11-28;Dorthy;Gale;Abuja
97;Order;2022-07-20;Lynnea;Knowling;Banda Aceh
98;Receipt;2022-02-19;Henriette;Ackerley;Yerevan
99;Order;2022-05-07;Wileen;Sholley;Chaguanas
100;Receipt;2022-09-26;Gilligan;Klotz;Milwaukee
101;Order;2022-08-12;Rozele;Holtz;Nukulaelae
102;Receipt;2022-04-15;Rosaline;Rodmann;Lomé
103;Invoice;2022-07-09;Augustine;Pandolfi;Lisbon
104;Invoice;2022-03-04;Angela;Sandye;Malé
105;Receipt;2022-11-18;Glynnis;Thad;Seattle
106;Order;2022-03-14;Imojean;Briney;Malé
107;Order;2022-05-11;Dulce;Llovera;Malé
108;Invoice;2022-05-03;Sam;Virgin;Malacca Town
109;Receipt;2022-07-14;Flo;Lenny;Naples
110;Invoice;2022-07-15;Ginnie;Zachary;Roseau
111;Invoice;2022-09-17;Adore;Letsou;Bloemfontein
112;Invoice;2022-03-17;Joy;Sinegold;Baghdad
113;Receipt;2022-07-05;Lucy;Saint;Dallas
114;Invoice;2022-06-14;Madalyn;Chinua;Athens
115;Receipt;2022-12-18;Isa;Cressida;Mendoza
116;Receipt;2022-07-30;Sarette;Ethban;Edmonton
117;Receipt;2022-02-04;Kelly;Gahl;Port Louis
118;Order;2022-09-03;Nickie;Maisey;Incheon
119;Receipt;2022-05-26;Sadie;Noman;Valdivia
120;Receipt;2022-09-28;Ardenia;Mullane;Pago Pago
121;Order;2022-08-06;Carly;Corabella;Santiago de Cuba
122;Order;2022-10-11;Mireielle;Duwalt;Basra
123;Receipt;2022-03-07;Nikki;Willie;Barcelona
124;Order;2022-05-12;Shell;Heidt;La Serena
125;Invoice;2022-07-30;Meg;Chauncey;Douala
126;Invoice;2022-05-16;Flo;Virgin;Konya
127;Receipt;2022-01-11;Nananne;Carri;Vancouver
128;Receipt;2022-10-15;Brena;Clara;Chengdu
129;Receipt;2022-03-17;Letizia;Borrell;Castries
130;Order;2022-09-13;Beverley;Hewitt;Ankara
131;Invoice;2022-09-09;Oona;Wilkinson;Monrovia
132;Order;2022-05-10;Eadie;Posner;Kigali
133;Order;2022-04-25;Eadie;Amasa;Dallas
134;Invoice;2022-05-28;Hettie;O'Rourke;Gothenburg
135;Receipt;2022-02-13;Letizia;Posner;Shigatse
136;Receipt;2022-01-14;Mathilda;Goerke;Yangon
137;Receipt;2022-02-13;Allyce;Lipson;Dunedin
138;Receipt;2022-01-08;Viviene;Modie;Sacramento
139;Order;2022-07-04;Kary;Bivins;Hamburg
140;Invoice;2022-07-23;Leontine;Maisey;Indianapolis
141;Receipt;2022-06-23;Cacilie;Rosemary;Cotonou
142;Receipt;2022-07-31;Ofilia;Gavrila;Wuhan
143;Invoice;2022-07-01;Jessy;Connelly;Assis
144;Invoice;2022-04-09;Ezmeralda;Arquit;Santa Cruz de Tenerife
145;Receipt;2022-10-07;Laurene;Bettine;Kanpur
146;Receipt;2022-05-03;Oona;My;Dammam
147;Receipt;2022-01-10;Ursulina;Lunsford;Hangzhou
148;Order;2022-03-13;Valera;Norrie;Dalian
149;Receipt;2022-02-06;Barbi;Martsen;Stockholm
150;Receipt;2022-02-24;Valeda;Fosque;Los Angeles
151;Invoice;2022-02-23;Bernie;Toor;Yaren District
152;Order;2022-12-28;Sibella;Obed;Calgary
153;Order;2022-06-24;Sindee;Lunsford;Valdivia
154;Receipt;2022-06-06;Blondelle;Olnee;Sapporo
155;Receipt;2022-05-16;Glenda;Pearse;Stepanakert
156;Receipt;2022-03-01;Mellicent;Fleeta;Francistown
157;Order;2022-09-11;Ricky;Croix;Balikpapan
158;Invoice;2022-10-27;Paule;Norrie;Lilongwe
159;Receipt;2022-10-27;Tani;Dex;Andorra la Vella
160;Receipt;2022-04-20;Elsie;Dash;Beirut
161;Invoice;2022-10-14;Merry;Katrine;İzmir
162;Invoice;2022-06-03;Riannon;Goode;Marrakech
163;Receipt;2022-02-21;Arlena;Muriel;Srinagar
164;Order;2022-02-13;Mady;Gower;Frankfurt
165;Receipt;2022-10-02;Margarette;Barrus;Cleveland
166;Invoice;2022-01-24;Charlena;Alarise;Apia
167;Receipt;2022-04-20;Zondra;Thornburg;Virginia Beach
168;Order;2022-07-29;Ebonee;Peti;Thiès
169;Invoice;2022-08-31;Roz;Jethro;Yaoundé
170;Invoice;2022-08-25;Yetty;Georas;Taiyuan
171;Invoice;2022-09-16;Hayley;Reidar;Munich
172;Order;2022-07-29;Mariele;Secrest;Innsbruck
173;Receipt;2022-06-22;Winny;Gombach;Ushuaia
174;Receipt;2022-05-21;Gabriellia;Giule;Kansas City
175;Receipt;2022-12-09;Lorie;Carvey;Nassau
176;Invoice;2022-07-12;Althea;Japeth;Roseau
177;Invoice;2022-08-23;Fawne;Hoban;Dar es Salaam
178;Receipt;2022-03-21;Feliza;Lacombe;Johannesburg
179;Invoice;2022-03-14;Anica;Heidt;Belém
180;Invoice;2022-12-24;Nicoli;Charity;Hagåtña
181;Receipt;2022-10-11;Olwen;Kellby;Saskatoon
182;Order;2022-01-02;Shel;Morgun;Belfast
183;Order;2022-05-14;Ernesta;Japeth;Chongjin
184;Invoice;2022-08-16;Magdalena;Atonsah;Namangan
185;Receipt;2022-03-14;Dania;Sundin;São Tomé
186;Invoice;2022-05-20;Brana;Bow;Da Nang
187;Invoice;2022-10-25;Jaclyn;Ummersen;Gaziantep
188;Receipt;2022-12-16;Kellen;Decato;Brisbane
189;Order;2022-07-13;Dominga;Himelman;Ouagadougou
190;Invoice;2022-09-02;Leontine;Ulphia;Apia
191;Invoice;2022-08-01;Tybie;Margret;Moscow
192;Receipt;2022-06-12;Sadie;Irmine;Saint-Denis
193;Order;2022-05-16;Liana;Kenney;Oranjestad
194;Invoice;2022-10-25;Merrie;Phyllis;Doha
195;Invoice;2022-06-30;Berget;Rosette;Salzburg
196;Receipt;2022-08-21;Elvira;Ricarda;Rotterdam
197;Invoice;2022-03-30;Hope;Merriott;Douglas
198;Receipt;2022-10-28;Julieta;Olympium;Zamboanga City
199;Order;2022-03-17;Doro;Dermott;Balikpapan
200;Invoice;2022-11-01;Zia;Lilybelle;Marseille
201;Receipt;2022-03-25;Veda;Kare;Ipoh
202;Invoice;2022-05-31;Angela;Seessel;Tegucigalpa
203;Invoice;2022-12-03;Mary;Laurianne;Kandy
204;Receipt;2022-01-18;Briney;Pozzy;Tartu
205;Invoice;2022-08-15;Valli;Linskey;Zamboanga City
206;Order;2022-09-01;Andree;Dreda;Guatemala City
207;Receipt;2022-11-28;Brianna;Maiah;Las Vegas
208;Invoice;2022-09-21;Fayre;Sherrie;Skopje
209;Order;2022-10-12;Ada;Clywd;Johor Bahru
210;Order;2022-05-26;Carilyn;Pandolfi;Zhengzhou
211;Invoice;2022-08-14;Fawne;Garrison;Salzburg
212;Invoice;2022-12-08;Ekaterina;Carbo;Weno
213;Invoice;2022-09-12;Britte;Rosemary;Saint-Denis
214;Invoice;2022-02-12;Janey;Valerio;Virginia Beach
215;Receipt;2022-06-19;Ginnie;Lynn;Kharkiv
216;Receipt;2022-04-16;Averyl;Grayce;Jeddah
217;Receipt;2022-02-11;Sybille;Haldas;Milwaukee
218;Order;2022-02-04;Rani;Crudden;Accra
219;Invoice;2022-12-20;Katleen;Bevin;Ciudad del Este
220;Order;2022-05-25;Tiffie;Gualtiero;Belmopan
221;Invoice;2022-12-21;Alyssa;Nicoline;Virginia Beach
222;Invoice;2022-05-22;Florie;Casimir;La Paz
223;Receipt;2022-02-13;Sara-Ann;Iphlgenia;Mata-Utu
224;Invoice;2022-11-06;Ashlee;Zrike;Cartagena
225;Receipt;2022-11-11;Dale;Ovid;Nukulaelae
226;Invoice;2022-01-26;Jany;Gombach;Rochester
227;Order;2022-11-07;Sadie;Raffo;Yakutsk
228;Receipt;2022-09-14;Fred;Syd;Funafuti
229;Order;2022-07-16;Joane;Hepsibah;Lanzhou
230;Invoice;2022-09-22;Ilse;Karl;Kuala Lumpur
231;Receipt;2022-01-20;Caritta;Rozanna;Basra
232;Invoice;2022-03-20;Fidelia;Vharat;Thessaloniki
233;Receipt;2022-06-15;Alisha;Hylan;Kunming
234;Invoice;2022-05-15;Stevana;Goode;Da Nang
235;Order;2022-05-12;Jerry;Hoenack;Bilbao
236;Receipt;2022-02-27;Melodie;Holtz;Sukhumi
237;Order;2022-12-19;Lanna;Rooney;Khartoum
238;Order;2022-11-28;Ursulina;Wolfgram;Oklahoma City
239;Invoice;2022-03-15;Shel;Ursulette;Hanoi
240;Invoice;2022-12-03;Kirstin;Bebe;Cebu City
241;Receipt;2022-01-01;Mara;Hurley;Malang
242;Receipt;2022-09-19;Cathyleen;Hathaway;Pristina
243;Order;2022-11-11;Stephanie;Rogerio;São Paulo
244;Receipt;2022-01-13;Sissy;Bonucci;Ahmedabad
245;Invoice;2022-12-10;Rayna;Zola;Greenwich
246;Order;2022-02-17;Jennica;Ailyn;George Town
247;Order;2022-05-31;Meg;Leler;Yerevan
248;Invoice;2022-02-22;Zsa Zsa;An;Luxembourg (city)
249;Receipt;2022-10-17;Maryellen;Bahr;Naypyidaw
250;Order;2022-10-18;Collen;Philoo;Mbabane
251;Receipt;2022-09-13;Lucy;Flita;Kaliningrad
252;Receipt;2022-03-22;Sam;Weaks;Tskhinvali
253;Order;2022-12-18;Paulita;Azeria;Milwaukee
254;Invoice;2022-09-03;Joy;Lissi;Caracas
255;Receipt;2022-07-05;Tamqrah;Melony;Macau
256;Invoice;2022-05-20;Queenie;Harriman;Bangui
257;Receipt;2022-03-22;Claresta;Ralfston;Warsaw
258;Order;2022-11-22;Kylynn;Berne;Rome
259;Order;2022-11-23;Valera;Ilka;Douala
260;Order;2022-04-20;Mildrid;Publia;Gaborone
261;Order;2022-02-16;Steffane;Gordon;Havana
262;Order;2022-01-28;Zia;Rudolph;Rabat
263;Receipt;2022-12-16;Neila;Erskine;Philadelphia
264;Receipt;2022-07-04;Gratia;Terencio;Providence
265;Receipt;2022-10-28;Nonnah;Tremayne;Cardiff
266;Order;2022-09-05;Madalyn;Alice;Nizhny Novgorod
267;Order;2022-10-03;Almeta;Viddah;Bandar Seri Begawan
268;Order;2022-05-11;Wileen;Primalia;Port Blair
269;Order;2022-06-22;Darlleen;Oscar;Kathmandu
270;Invoice;2022-05-03;Margalo;Chapland;Port Hedland
271;Invoice;2022-07-09;Cissiee;Liebermann;Manila
272;Order;2022-06-30;Marika;Irmine;Chihuahua
273;Receipt;2022-03-04;Sashenka;Nickola;Osaka
274;Order;2022-12-02;Averyl;Cavan;Hilo
275;Order;2022-08-27;Sybille;Mott;Balikpapan
276;Receipt;2022-08-06;Joy;Lesley;Yellowknife
277;Order;2022-11-27;Catharine;Fry;Riga
278;Order;2022-12-27;Joelly;Dahlia;Honolulu
279;Order;2022-05-28;Rivalee;Delila;Townsville
280;Order;2022-10-22;Louella;Therine;Port Elizabeth
281;Receipt;2022-06-15;Robinia;Loleta;Nantes
282;Order;2022-08-07;Kylynn;Boehike;Seattle
283;Receipt;2022-07-05;Dyann;Suk;Pune
284;Invoice;2022-06-05;Janey;Bakerman;Majuro
285;Invoice;2022-11-29;Kaia;Fiann;Malabo
286;Receipt;2022-01-22;Gertrud;Wilkinson;Ushuaia
287;Invoice;2022-12-16;Quintina;Minetta;Faisalabad
288;Receipt;2022-02-02;Barbara;Merat;Bujumbura
289;Receipt;2022-05-25;Gilligan;Philoo;Busan
290;Receipt;2022-02-20;Berget;Rheingold;Athens
291;Invoice;2022-08-04;Lynea;Graig;Maceió
292;Order;2022-04-01;Nikki;Charity;Wonsan
293;Order;2022-12-27;Kary;Rudolph;Manama
294;Receipt;2022-09-23;Imojean;Kunin;Edmonton
295;Order;2022-04-27;Dale;Terrence;N'Djamena
296;Invoice;2022-04-21;Leontine;Sancho;Palikir
297;Receipt;2022-11-06;Dorothy;Winthorpe;Washington
298;Receipt;2022-10-06;Leia;Sophronia;Perth
299;Receipt;2022-09-13;Alisha;Mullane;Salzburg
300;Invoice;2022-09-04;Lorie;Valoniah;Birmingham
301;Invoice;2022-12-16;Larine;Leonard;Simferopol
302;Receipt;2022-08-22;Mallory;Clarissa;Nouméa
303;Invoice;2022-02-28;Max;Gombach;Melbourne
304;Order;2022-10-10;Marguerite;Abram;Koror
305;Invoice;2022-09-25;Carmencita;Jillane;Malmö
306;Invoice;2022-09-28;Modestia;Cimbura;Quito
307;Order;2022-02-03;Britni;Erlandson;Suva
308;Invoice;2022-06-11;Ernesta;Allys;Serekunda
309;Invoice;2022-05-12;Kenna;Telfer;Jakarta
310;Order;2022-10-28;Jemie;Rodmann;Guayaquil
311;Order;2022-05-10;Ulrike;Gillan;Mexico City
312;Order;2022-10-03;Letizia;Hubert;Lyon
313;Invoice;2022-10-03;Claudina;Dannye;Tegucigalpa
314;Receipt;2022-04-09;Heddie;Slifka;Córdoba
315;Receipt;2022-04-19;Bernardine;Nahum;Cardiff
316;Receipt;2022-08-22;Glenda;Demitria;Lusaka
317;Order;2022-02-26;Trudie;Fulmer;Agartala
318;Order;2022-07-27;Sophia;Chapland;Vaduz
319;Order;2022-01-02;Arlina;Rese;Tokyo
320;Invoice;2022-07-18;Ardenia;Bevin;Batticaloa
321;Order;2022-10-22;Gusty;Junie;Kingstown
322;Invoice;2022-07-20;June;Phaidra;Perth
323;Receipt;2022-10-06;Ursulina;Gibbeon;İzmir
324;Receipt;2022-12-17;Lorne;Angelis;Amman
325;Receipt;2022-03-03;Dacia;Bohlin;Yaren District
326;Receipt;2022-11-17;Courtnay;Lilas;Macau
327;Order;2022-12-15;Lindie;Waldron;Wollongong
328;Receipt;2022-08-02;Johna;August;Rochester
329;Invoice;2022-08-15;Lulita;Tristram;Boston
330;Order;2022-06-02;Cindelyn;Croix;Rawalpindi
331;Order;2022-11-01;Ilse;Teryn;Douala
332;Order;2022-12-20;Elka;Henrie;Zhengzhou
333;Receipt;2022-03-30;Brietta;Cath;Papeete
334;Order;2022-01-31;Tomasina;Doig;Cebu City
335;Invoice;2022-11-12;Atlanta;Vacuva;Wichita
336;Order;2022-04-28;Berta;Georgy;Paris
337;Receipt;2022-05-10;Dione;Fiester;Dakar
338;Receipt;2022-03-30;Krystle;Elvyn;Brazzaville
339;Invoice;2022-11-12;Collen;Gillan;Xining
340;Order;2022-10-26;Wynne;Margret;Macapá
341;Order;2022-11-06;Moyna;Olin;Kobe
342;Receipt;2022-12-11;Gusty;Masao;Chicago
343;Order;2022-04-18;Jobi;Wareing;Istanbul
344;Receipt;2022-07-13;Tiffie;Fulmer;Yamoussoukro
345;Receipt;2022-02-15;Marti;Moina;San Fernando
346;Order;2022-09-03;Rayna;Haldas;Horta (Azores)
347;Invoice;2022-06-30;Elsie;Cutlerr;Lanzhou
348;Receipt;2022-07-30;Merry;Anselmi;Sukhumi
349;Invoice;2022-04-17;Shandie;Santoro;Forked River
350;Order;2022-10-02;Jasmina;Nore;Pontianak
351;Receipt;2022-05-02;Elka;Han;Timbuktu
352;Receipt;2022-08-28;Wendi;Dituri;San Fernando
353;Invoice;2022-12-20;Susan;Frodi;Siem Reap
354;Invoice;2022-01-01;Thalia;Clara;Sarajevo
355;Receipt;2022-07-01;Mallory;Saint;Islamabad
356;Receipt;2022-05-25;Dale;Erminia;Fortaleza
357;Receipt;2022-01-11;Dianemarie;Mullane;Johannesburg
358;Receipt;2022-02-23;Neila;Eugenia;Rome
359;Invoice;2022-09-10;Courtnay;Cohdwell;Melekeok
360;Order;2022-07-04;Layla;Crudden;Tehran
361;Order;2022-12-12;Kore;Leary;Los Angeles
362;Receipt;2022-11-16;Tami;Chinua;Chihuahua
363;Order;2022-11-04;Madelle;Ashely;Honolulu
364;Order;2022-04-19;Debee;Georas;Malacca Town
365;Order;2022-09-21;Fernande;Caitlin;Bilbao
366;Order;2022-12-27;Hallie;Flyn;Ambon
367;Invoice;2022-06-30;Cristabel;Artie;Yamoussoukro
368;Invoice;2022-03-26;Annora;Maples;Adamstown
369;Invoice;2022-12-11;Johna;Berl;Kiev
370;Invoice;2022-01-29;Britni;Sheedy;Montreal
371;Receipt;2022-08-29;Raquela;Noman;Greenwich
372;Order;2022-05-02;Gusella;Demitria;Yokohama
373;Receipt;2022-10-21;Sybille;Loeb;Kraków
374;Invoice;2022-02-06;Michaelina;Autrey;Basse-Terre
375;Receipt;2022-01-24;Fanchon;Isacco;Panama City
376;Receipt;2022-01-31;Harmonia;Marijo;Karachi
377;Receipt;2022-12-05;Alisha;Shaver;South Tarawa
378;Invoice;2022-12-19;Tracey;Sheng;Seville
379;Receipt;2022-01-29;Juliane;Karl;Baghdad
380;Invoice;2022-02-10;Willetta;Ulphia;San Fernando
381;Invoice;2022-10-30;Bee;Ramona;Abuja
382;Receipt;2022-01-17;Blake;Bennie;Fortaleza
383;Order;2022-10-10;Kathy;Krystle;Novosibirsk
384;Receipt;2022-02-22;Corly;Ricarda;Lusaka
385;Invoice;2022-12-23;Alex;Milde;Kaliningrad
386;Invoice;2022-04-20;Iseabal;Knowling;Zagreb
387;Order;2022-09-14;Rhoda;Lory;Santa Cruz de la Sierra
388;Receipt;2022-09-27;Modestia;Norvol;Podgorica
389;Receipt;2022-02-20;Justinn;Flita;Nakhon Ratchasima
390;Order;2022-05-15;Kaja;Raseda;St. George's
391;Order;2022-05-04;Henriette;Janith;Geelong
392;Invoice;2022-04-09;Jessy;Strephon;Dushanbe
393;Invoice;2022-02-16;Ilse;Gilbertson;Kaohsiung
394;Invoice;2022-01-03;Lyssa;Sasnett;St. Louis
395;Invoice;2022-04-23;Priscilla;Posner;İzmir
396;Order;2022-04-04;Morganica;Fax;Melekeok
397;Receipt;2022-06-06;Zondra;Lipson;Phuket (city)
398;Invoice;2022-01-17;Gabi;Henebry;Livingstone
399;Receipt;2022-02-02;Ronna;Edison;Copenhagen
400;Receipt;2022-04-07;Vonny;Concha;St. Louis
401;Invoice;2022-01-11;Violet;Karna;Yokohama
402;Receipt;2022-12-13;Tybie;Reinke;Dongguan
403;Invoice;2022-08-13;Sara-Ann;Cookie;Buffalo
404;Receipt;2022-07-27;Ethel;Naor;Pekanbaru
405;Receipt;2022-03-02;June;Francene;Assis
406;Order;2022-05-13;Emilia;Nikaniki;Thiès
407;Receipt;2022-01-31;Dianemarie;Sibyls;Bridgetown
408;Receipt;2022-06-11;Marnia;Grimbly;Brisbane
409;Invoice;2022-03-01;Robinia;Grosz;São Paulo
410;Invoice;2022-01-16;Evaleen;Parsaye;Medan
411;Receipt;2022-11-06;Annabela;Eliathas;Tucson
412;Receipt;2022-08-31;Sindee;Natalia;Yamoussoukro
413;Invoice;2022-06-27;Mariele;Buttaro;Petropavlovsk-Kamchatsky
414;Invoice;2022-04-14;Diena;Uird;Dammam
415;Receipt;2022-12-20;Danika;Fabiola;Tijuana
416;Invoice;2022-10-28;Diena;Goddard;Fukuoka
417;Receipt;2022-08-23;Marleah;Quinn;Birmingham
418;Receipt;2022-05-30;Ruthe;Celestine;Wuhan
419;Invoice;2022-12-02;Chere;Rodmann;Quezon City
420;Order;2022-06-15;Ezmeralda;Yoko;Pontianak
421;Order;2022-06-06;Rhea;Noelyn;Nanjing
422;Invoice;2022-10-30;Joceline;Alcott;Toronto
423;Invoice;2022-12-19;Vere;Libna;Tijuana
424;Receipt;2022-08-19;Florencia;Virgin;Miri
425;Order;2022-09-25;Hollie;Ietta;Iquitos
426;Invoice;2022-08-27;Valli;Aurelio;Quebec City
427;Order;2022-09-24;Jaime;Kendrick;Hong Kong
428;Receipt;2022-01-26;Jasmina;Mandler;Vaduz
429;Receipt;2022-10-26;Leontine;Hamil;Iquique
430;Invoice;2022-02-16;Dagmar;Tiffa;Seoul
431;Receipt;2022-11-24;Aurelie;Bultman;Ouagadougou
432;Receipt;2022-09-11;Lauryn;Meli;Dodoma
433;Receipt;2022-11-06;Natka;Xerxes;Huế
434;Receipt;2022-02-26;Aili;Knowling;Nassau
435;Order;2022-11-03;Susan;Sisile;Manchester
436;Order;2022-12-24;Fred;Cyrie;Nouakchott
437;Order;2022-08-18;Gilda;Ferino;Johor Bahru
438;Order;2022-12-07;Cassondra;Ranjiv;Pune
439;Invoice;2022-06-29;Dorene;Candy;Okinawa
440;Invoice;2022-02-02;Elie;Leifeste;Blantyre
441;Order;2022-06-24;Peri;Hanshaw;Arequipa
442;Receipt;2022-05-02;Marsiella;Kat;Simferopol
443;Order;2022-07-14;Cordi;Shelba;Milan
444;Order;2022-01-17;Celene;Fulmer;Brasília
445;Order;2022-09-15;Desirae;Lalitta;Athens
446;Invoice;2022-01-26;Kore;Chobot;Kraków
447;Receipt;2022-07-23;Dorothy;Claudine;Labasa
448;Receipt;2022-09-22;Britte;Mozelle;Abuja
449;Receipt;2022-02-13;Belinda;Noam;Gaziantep
450;Order;2022-04-05;Trixi;Weide;Belém
451;Invoice;2022-05-05;Gabi;Lea;Milwaukee
452;Invoice;2022-08-01;Magdalena;Raychel;Funafuti
453;Receipt;2022-02-14;Florie;Martsen;Puebla
454;Receipt;2022-09-09;Ebonee;Aldric;Mwanza
455;Receipt;2022-02-23;Lanna;Israeli;Daegu
456;Invoice;2022-10-24;Patricia;Gaulin;Birmingham
457;Receipt;2022-01-18;Almeta;Gunn;Hat Yai
458;Order;2022-03-07;Shirlee;Sprage;Yaren District
459;Order;2022-07-26;Eadie;Shuler;Minsk
460;Order;2022-06-01;Dorthy;Tengdin;Columbus
461;Invoice;2022-07-17;Marguerite;Firmin;Magadan
462;Invoice;2022-12-02;Konstance;Granoff;Ankara
463;Receipt;2022-09-28;Nerta;Tyson;Cartagena
464;Receipt;2022-11-20;Charlena;Niles;Puebla
465;Receipt;2022-03-07;Almeta;Laurianne;Chiang Mai
466;Order;2022-06-01;Jinny;Mich;Vitória
467;Receipt;2022-10-21;Karlee;Lenny;Belgrade
468;Order;2022-03-09;Lorenza;Berl;Toulouse
469;Invoice;2022-08-07;Helena;Gombach;New Delhi
470;Order;2022-05-22;Taffy;Wattenberg;Yakutsk
471;Receipt;2022-12-19;Pierette;Heisel;Kano
472;Receipt;2022-01-07;Mildrid;Seligman;Concepción
473;Order;2022-06-29;Cathyleen;Annabella;Islamabad
474;Receipt;2022-04-10;Teddie;Obed;Anadyr (town)
475;Invoice;2022-01-29;Roxane;Quent;Hamburg
476;Receipt;2022-12-26;Lanae;Kannry;Montreal
477;Receipt;2022-11-13;Alameda;Slifka;Hangzhou
478;Invoice;2022-11-21;Konstance;Uund;Lyon
479;Receipt;2022-10-26;Trixi;Hewitt;Phoenix
480;Invoice;2022-10-22;Binny;Niccolo;Tartu
481;Invoice;2022-07-02;Sabina;Pandolfi;Tirana
482;Invoice;2022-08-23;Lulita;Dorcy;Wichita
483;Invoice;2022-10-11;Rozele;Dituri;Abu Dhabi
484;Order;2022-08-07;Darci;Jillane;São Paulo
485;Invoice;2022-01-11;Lizzie;Ax;Winnipeg
486;Order;2022-10-05;Gavrielle;Pulsifer;Veracruz
487;Order;2022-09-21;Melanie;Pauly;Tiraspol
488;Invoice;2022-06-10;Christian;Flyn;Curitiba
489;Order;2022-03-17;Madeleine;Arathorn;Kraków
490;Receipt;2022-03-06;Alexine;Bord;Brasília
491;Receipt;2022-06-10;Tami;Durante;Porto
492;Order;2022-08-27;Goldie;Casimir;Hamilton
493;Order;2022-06-28;Jasmina;Isacco;Singapore
494;Order;2022-10-18;Chere;Ardeha;Hagåtña
495;Order;2022-05-28;Orsola;Skurnik;Kota Kinabalu
496;Order;2022-11-26;Anallese;Jess;Stockholm
497;Receipt;2022-05-24;Bernie;Trinetta;Xining
498;Order;2022-05-28;Kial;Gibbeon;Munich
499;Order;2022-05-12;Gusty;Chandler;Arbil
500;Order;2022-05-11;Anestassia;Ricarda;Iqaluit
501;Invoice;2022-08-23;Kassey;Cleavland;Fortaleza
502;Receipt;2022-06-18;Christian;Sheng;Albuquerque
503;Receipt;2022-03-26;Flory;Gavrila;Almaty
504;Invoice;2022-08-20;Eve;Linehan;Udon Thani
505;Receipt;2022-11-26;Jsandye;Salchunas;Kiev
506;Invoice;2022-06-11;Odessa;Milson;Thimphu
507;Invoice;2022-02-04;Ariela;Chobot;Roseau
508;Invoice;2022-09-07;Hayley;Docilla;Bulawayo
509;Receipt;2022-09-18;Emylee;Clarissa;Porto
510;Order;2022-11-30;Bernardine;Gwenore;Espoo
511;Order;2022-09-12;Blinni;Deegan;Funafuti
512;Receipt;2022-02-09;Nollie;Burnside;Koulikoro
513;Receipt;2022-12-25;Fidelia;Dannye;Medellín
514;Invoice;2022-05-08;Darci;Diann;Tamale
515;Order;2022-09-30;Dania;Elisha;Cockburn Town
516;Order;2022-11-29;Zondra;Stanwood;Sitka
517;Order;2022-04-01;Lusa;Eachern;Lviv
518;Invoice;2022-06-19;Siana;Dosia;Tskhinvali
519;Invoice;2022-02-25;Janenna;Junie;Kano
520;Order;2022-02-14;Madeleine;Weinreb;San Francisco
521;Receipt;2022-11-30;Lila;Wenoa;Iquitos
522;Order;2022-07-15;Zsa Zsa;Dahlia;Gibraltar
523;Receipt;2022-12-07;Kate;Eugenia;Guangzhou
524;Invoice;2022-07-25;Rayna;Obed;Vancouver
525;Receipt;2022-12-14;Imojean;Shaver;Pelotas
526;Invoice;2022-02-28;Isa;Screens;Detroit
527;Order;2022-07-05;Kristan;Pearse;Malé
528;Invoice;2022-04-12;Kerrin;Creamer;Seville
529;Receipt;2022-04-06;Tani;Himelman;Ibiza
530;Order;2022-05-31;Gertrud;Capello;São Paulo
531;Order;2022-03-31;Heddie;Destinee;Tamale
532;Order;2022-03-08;Pierette;Cath;Asunción
533;Invoice;2022-09-16;Cathie;Irmine;Konya
534;Invoice;2022-10-25;Lynnea;Zamora;Cairns
535;Receipt;2022-11-30;Nita;Hourigan;Pretoria
536;Order;2022-06-16;Judy;Adalbert;Blantyre
537;Invoice;2022-03-19;Hildegaard;Hillel;Castries
538;Receipt;2022-02-17;Madeleine;Giule;Andorra la Vella
539;Order;2022-12-09;Shaine;Concha;Porto-Novo
540;Receipt;2022-09-22;Evaleen;Keily;Milan
541;Invoice;2022-06-25;Cissiee;Poll;Louisville
542;Order;2022-08-20;Stacey;Uund;Omsk
543;Invoice;2022-02-12;Hope;Oriana;Tianjin
544;Receipt;2022-06-07;Hope;Kat;El Aaiún
545;Invoice;2022-07-29;Ricky;Fontana;Lilongwe
546;Order;2022-06-18;Lizzie;Ovid;Rawalpindi
547;Order;2022-05-06;Marcy;Llovera;Tagbilaran
548;Invoice;2022-04-01;Melisent;Dreda;Kaesong
549;Receipt;2022-07-27;Mignon;Manolo;Juneau
550;Order;2022-05-16;Wendi;Phaidra;Riga
551;Receipt;2022-10-10;Lorenza;Rebecka;Faisalabad
552;Order;2022-02-21;Brietta;Damarra;Tagbilaran
553;Order;2022-07-30;Corene;Tybald;Oslo
554;Invoice;2022-07-08;Ana;Leifeste;Santa Cruz de la Sierra
555;Invoice;2022-10-02;Zaria;Junie;Yerevan
556;Receipt;2022-10-18;Atlanta;O'Carroll;Invercargill
557;Order;2022-11-25;Sibella;Bartlett;Anchorage
558;Order;2022-08-17;Edith;Halsey;Antofagasta
559;Receipt;2022-06-05;Jsandye;Rocray;Belize City
560;Receipt;2022-05-19;Chloris;Scammon;Balikpapan
561;Order;2022-11-15;Janey;Adlare;Phuket (city)
562;Invoice;2022-01-03;Alyssa;Dunkin;Sitka
563;Invoice;2022-08-23;Ebonee;Aurelio;Suva
564;Receipt;2022-10-04;Alyssa;Jammal;Rio Branco
565;Invoice;2022-12-27;Kylynn;August;Macau
566;Receipt;2022-11-15;Ellette;Gherardo;Davao City
567;Invoice;2022-08-28;Nollie;Matthew;Kanpur
568;Invoice;2022-10-16;Candi;Bandeen;Ilhéus
569;Receipt;2022-12-11;Paulita;Alcott;Aberdeen
570;Receipt;2022-09-18;Petronia;Alcott;Cockburn Town
571;Receipt;2022-02-03;Cherrita;Masao;Abuja
572;Receipt;2022-05-28;Daphne;Faso;Toulouse
573;Invoice;2022-08-20;Blondelle;Malina;Majuro
574;Invoice;2022-07-28;Rayna;Emanuel;Alexandria
575;Receipt;2022-03-10;Zsa Zsa;Terrence;Nouakchott
576;Invoice;2022-12-07;Deedee;Chapland;Suez
577;Invoice;2022-04-13;Christian;Vharat;Cockburn Town
578;Invoice;2022-03-30;Fanny;Gherardo;Paramaribo
579;Receipt;2022-06-28;Farrah;Hachmin;Valletta
580;Order;2022-10-07;Vivia;Brenn;Incheon
581;Invoice;2022-07-17;Taffy;Huggins;Brikama
582;Order;2022-01-02;Mireielle;Faso;Antofagasta
583;Receipt;2022-04-03;Juliane;Duwalt;Milan
584;Invoice;2022-04-05;Sarette;Schonfeld;Skopje
585;Invoice;2022-04-16;Fanny;Lorain;Guayaquil
586;Receipt;2022-07-12;Amara;Amasa;Shillong
587;Receipt;2022-12-10;Gui;Chinua;Louisville
588;Invoice;2022-01-04;Merci;Hirsch;Mbabane
589;Order;2022-06-17;Caritta;Frendel;Liverpool
590;Invoice;2022-08-20;Amara;Brunell;Bilbao
591;Invoice;2022-08-25;Starla;Santoro;Shenyang
592;Order;2022-05-22;Concettina;Alrich;Buenos Aires
593;Receipt;2022-08-16;Riannon;Whiffen;El Aaiún
594;Receipt;2022-10-27;Janis;Cath;Medellín
595;Receipt;2022-06-29;Chickie;Rad;Namangan
596;Receipt;2022-01-01;Corry;Magnolia;Busan
597;Invoice;2022-09-24;Dione;Llovera;Adak
598;Order;2022-04-30;Micheline;Keelia;Riyadh
599;Invoice;2022-06-06;Berta;Concha;Rome
600;Receipt;2022-07-08;Dorthy;Edmund;Manama
601;Invoice;2022-06-29;Elise;Mintz;Bangalore
602;Order;2022-05-24;Sharai;Bethany;Atlanta
603;Invoice;2022-06-24;Carree;Annabella;Libreville
604;Invoice;2022-09-17;Tarra;Breed;Rabi Island
605;Invoice;2022-05-04;Elena;Atcliffe;Nizhny Novgorod
606;Receipt;2022-05-28;Halette;Phaidra;Hamburg
607;Receipt;2022-06-18;Sindee;Tillford;Dubai
608;Order;2022-06-14;Joeann;Lemuela;Washington
609;Receipt;2022-01-05;Neila;Raul;Amritsar
610;Order;2022-02-17;Sidoney;Odysseus;Cork (city)
611;Receipt;2022-12-16;Marsiella;Secrest;Karachi
612;Order;2022-01-23;Courtnay;Tybald;Ibiza
613;Invoice;2022-07-04;Belva;Remmer;Ulan Bator
614;Invoice;2022-09-01;Marinna;Irmine;Freetown
615;Invoice;2022-09-08;Suzette;Weaks;Seoul
616;Invoice;2022-01-19;Marti;Dudley;Dhaka
617;Receipt;2022-08-03;Christy;Chabot;Pristina
618;Order;2022-03-18;Lorie;Gunn;Batticaloa
619;Order;2022-01-14;Cathyleen;Cornelia;Naypyidaw
620;Order;2022-01-15;Iseabal;Deegan;Hong Kong
621;Receipt;2022-07-27;Jaclyn;Munn;Kanpur
622;Invoice;2022-04-21;Abbie;Katrine;Nuuk
623;Receipt;2022-01-06;Alejandra;Lowry;Mbabane
624;Invoice;2022-08-16;Beth;Margret;Weno
625;Invoice;2022-10-07;Kristan;Monaco;Cape Town
626;Receipt;2022-04-02;Betta;Goerke;Montreal
627;Invoice;2022-05-14;Alameda;Wittie;Concepción
628;Order;2022-08-21;Ricky;Ashok;Lahore
629;Invoice;2022-10-23;Margalo;Toffic;Rockhampton
630;Receipt;2022-12-18;Monika;Croix;Antofagasta
631;Invoice;2022-04-01;Gusella;Robertson;Kraków
632;Order;2022-04-28;Janey;Pitt;Nizhny Novgorod
633;Order;2022-03-21;Dawn;Tippets;Majuro
634;Receipt;2022-08-14;Phedra;Hutchison;Dibrugarh
635;Receipt;2022-04-19;Wanda;Eno;Shenzhen
636;Receipt;2022-03-07;Amalie;Malanie;Tórshavn
637;Invoice;2022-07-12;Cecile;Maples;Surat Thani
638;Order;2022-12-21;Ann-Marie;Prober;Cape Town
639;Order;2022-07-06;Jsandye;Zaslow;Houston
640;Invoice;2022-06-09;Loree;Ephrem;Dalian
641;Receipt;2022-02-09;Edith;Sinegold;Valparaíso
642;Order;2022-05-14;Ruthe;Shanley;Thiès
643;Receipt;2022-12-25;Raina;Poppy;Valdivia
644;Receipt;2022-09-20;Brena;Gunn;Yogyakarta (city)
645;Invoice;2022-06-05;Kerrin;Solitta;Belize City
646;Order;2022-10-28;Marguerite;Brady;Kinshasa
647;Invoice;2022-02-12;Teddie;Vivle;Douala
648;Invoice;2022-08-05;Larine;Manolo;Bridgetown
649;Receipt;2022-02-21;Dione;Rillings;Palma
650;Invoice;2022-11-11;Allyce;Daniele;Huế
651;Order;2022-08-14;Rosaline;Halsey;Veracruz
652;Receipt;2022-08-26;Kellen;Palocz;Santiago de Cuba
653;Receipt;2022-11-01;Rori;Albertine;Manila
654;Receipt;2022-11-06;Cristine;Standing;Nuuk
655;Receipt;2022-06-18;Lyssa;Hessler;San José
656;Invoice;2022-12-07;Barbara;Dorothy;Algiers
657;Invoice;2022-08-18;Zaria;Christine;Boston
658;Order;2022-12-06;Dotty;An;Udon Thani
659;Receipt;2022-02-18;Estell;Croix;Lobamba
660;Invoice;2022-08-09;Laure;Loeb;Almaty
661;Receipt;2022-09-29;Evaleen;Bouchard;Shanghai
662;Invoice;2022-04-22;Raina;Michella;Guayaquil
663;Order;2022-06-06;Shandie;Stoller;Suez
664;Order;2022-11-28;Abbie;Cullin;Rio de Janeiro
665;Receipt;2022-10-12;Lindie;Deny;Monterrey
666;Order;2022-03-22;Marika;Earlie;Kano
667;Receipt;2022-05-26;Veda;Jaylene;Amritsar
668;Order;2022-11-15;Taffy;Posner;Hyderabad
669;Order;2022-08-13;Sara-Ann;Boehike;New Delhi
670;Order;2022-03-16;Romona;Annice;Nassau
671;Invoice;2022-06-07;Carly;Felecia;Papeete
672;Receipt;2022-09-14;Meg;Alfons;Adana
673;Receipt;2022-09-21;Noelle;Talia;Bandung
674;Order;2022-10-08;Darlleen;Pyle;Maceió
675;Invoice;2022-06-13;Dominga;Sherfield;Karachi
676;Receipt;2022-02-21;Merry;Shuler;Ürümqi
677;Order;2022-10-19;Mady;Croix;Hyderabad
678;Receipt;2022-07-03;Bettine;Dahlia;Valdivia
679;Order;2022-04-10;Estell;Urania;Magadan
680;Invoice;2022-06-09;Ermengarde;Anyah;Incheon
681;Invoice;2022-08-13;Chandra;Truc;Iqaluit
682;Order;2022-07-27;Cordi;Salvidor;Freetown
683;Order;2022-02-06;Dotty;Armanda;Saint John
684;Invoice;2022-04-01;Cyndie;Isacco;Djibouti (city)
685;Order;2022-05-08;Lelah;Lutero;Louisville
686;Order;2022-08-13;Minne;Nunci;Cali
687;Invoice;2022-11-11;Eugine;Morgun;Blantyre
688;Invoice;2022-11-01;Berta;Clarissa;Bandung
689;Order;2022-11-26;Ira;Bennie;Johannesburg
690;Invoice;2022-12-01;Elfreda;Beniamino;Córdoba
691;Receipt;2022-08-26;Lucille;Penelopa;Istanbul
692;Invoice;2022-07-01;Viki;Marijo;Minsk
693;Receipt;2022-02-05;Netty;Hermes;Chicago
694;Order;2022-10-25;Brietta;Lilas;Washington
695;Receipt;2022-10-17;Trudie;Eno;Dar es Salaam
696;Invoice;2022-12-02;Eolanda;Sacken;Minneapolis
697;Order;2022-11-26;Roseline;Marcellus;Cairo
698;Receipt;2022-02-12;Dotty;Rad;Porto Alegre
699;Receipt;2022-08-10;Daune;Armanda;Saint-Pierre
700;Invoice;2022-09-12;Fredericka;Georgy;Cologne
701;Invoice;2022-01-17;Doro;Jerald;Oklahoma City
702;Order;2022-11-05;Mathilda;Suzetta;Srinagar
703;Order;2022-02-10;Lynea;Kauppi;Norilsk
704;Receipt;2022-10-24;Robinia;Vary;Monrovia
705;Invoice;2022-11-05;Harmonia;Ovid;Helsinki
706;Receipt;2022-09-18;Hyacinthe;Belanger;Las Vegas
707;Receipt;2022-09-16;Dorothy;Pattin;Maputo
708;Order;2022-02-12;Vivia;Alcott;Nizhny Novgorod
709;Invoice;2022-07-02;Beverley;Garbe;Koulikoro
710;Order;2022-09-13;Juliane;Clywd;Shenyang
711;Order;2022-09-23;Krystle;Kiyoshi;Surabaya
712;Receipt;2022-11-05;Roslyn;Selway;Milan
713;Order;2022-07-18;Jean;Berriman;Balikpapan
714;Invoice;2022-02-05;Debee;Izaak;Palembang
715;Order;2022-04-14;Eadie;Dalli;Bishkek
716;Order;2022-02-12;Audrie;Lattie;Saskatoon
717;Invoice;2022-08-07;Claresta;Magnolia;Lusaka
718;Invoice;2022-12-21;Mureil;Carri;Phoenix
719;Receipt;2022-09-14;Damaris;Anastatius;Nicosia
720;Order;2022-01-02;Jessamyn;Rad;Tagbilaran
721;Invoice;2022-09-26;Abbie;Naor;Tallinn
722;Order;2022-09-24;Belinda;Boycey;Okinawa
723;Receipt;2022-11-30;Stevana;Infield;Palma
724;Receipt;2022-04-02;Charissa;Konyn;Dalian
725;Invoice;2022-06-01;Beth;Dreda;Moscow
726;Invoice;2022-03-29;Audrie;O'Neill;Yaoundé
727;Invoice;2022-02-10;Zaria;Devlen;Osaka
728;Invoice;2022-08-29;Alejandra;Tamsky;Jamestown
729;Invoice;2022-03-12;Hettie;Wind;Wonsan
730;Invoice;2022-07-22;Phylis;Baylor;Tucson
731;Order;2022-04-15;Rubie;Wu;Minsk
732;Order;2022-06-24;Teddie;Tice;The Valley
733;Invoice;2022-04-27;Joane;Chick;Barranquilla
734;Receipt;2022-02-21;Ekaterina;Astra;Handan
735;Invoice;2022-02-12;Quintina;Shanley;Valparaíso
736;Receipt;2022-02-07;Joane;Papageno;Santiago de Cuba
737;Receipt;2022-01-09;Dorene;Macey;Santiago de Cuba
738;Order;2022-04-22;Ronna;Ax;Ludhiana
739;Order;2022-07-06;Linet;Podvin;Málaga
740;Receipt;2022-10-15;Alex;Lail;Alofi
741;Invoice;2022-09-05;Corene;Gusella;London
742;Invoice;2022-03-30;Carolina;Francene;Omsk
743;Invoice;2022-08-22;Aubrie;Moseley;Quebec City
744;Invoice;2022-01-30;Marguerite;Armanda;Indianapolis
745;Receipt;2022-04-27;Jeanna;Agle;Nouakchott
746;Order;2022-08-16;Siana;Millda;Cusco
747;Invoice;2022-07-10;Beverley;Marsden;Kuching
748;Order;2022-10-24;Hallie;Shama;Hanga Roa
749;Receipt;2022-07-18;Molli;Bury;Denpasar
750;Receipt;2022-04-26;Christal;Zrike;Anadyr (town)
751;Invoice;2022-02-04;Anica;Raama;Houston
752;Receipt;2022-02-22;Viki;Monaco;Ndola
753;Order;2022-09-17;Sidoney;Taam;Kaliningrad
754;Invoice;2022-06-26;Ninnetta;Artie;Asmara
755;Receipt;2022-04-16;Clarice;Rebecka;Monterrey
756;Order;2022-06-17;Ardys;Shuler;Brazzaville
757;Receipt;2022-12-26;Nanete;Orelee;Davao City
758;Receipt;2022-08-10;Ana;Ardeha;Bujumbura
759;Invoice;2022-02-15;Britni;Kannry;Chişinău
760;Receipt;2022-11-08;Sallie;Ferino;Koulikoro
761;Order;2022-05-11;Nonnah;Judye;Ashgabat
762;Invoice;2022-04-25;Lanae;Harned;Porto Alegre
763;Receipt;2022-10-24;Darci;Gaspard;Kraków
764;Receipt;2022-11-12;Philis;Robertson;Manaus
765;Receipt;2022-07-30;Corina;Calhoun;Pittsburgh
766;Order;2022-06-08;Kalina;Lucienne;Tashkent
767;Receipt;2022-11-16;Jacenta;McLaughlin;Surat
768;Order;2022-05-05;Lila;Rossner;Kota Bharu
769;Order;2022-05-29;Carolina;Love;Liverpool
770;Receipt;2022-11-13;Gabi;Minetta;Yerevan
771;Invoice;2022-05-29;Catharine;Arvo;El Paso
772;Invoice;2022-04-25;Cherrita;Georas;San Fernando
773;Order;2022-09-17;Farrah;Gahl;Manaus
774;Invoice;2022-05-22;Micheline;Nea;Baku
775;Invoice;2022-10-06;Yvonne;Goldina;Cartagena
776;Receipt;2022-03-05;Giustina;Aurelio;Chihuahua
777;Order;2022-07-21;Sue;Edmund;Roseau
778;Order;2022-12-09;Modestia;Stuart;Marrakech
779;Order;2022-12-16;Joane;Rustice;Monaco
780;Receipt;2022-05-17;Lulita;Wandie;Balikpapan
781;Receipt;2022-01-01;Jessamyn;Lane;Mumbai
782;Invoice;2022-04-25;Paulita;Baudin;Cusco
783;Order;2022-08-13;Kate;Orelee;Muscat
784;Receipt;2022-12-20;Charissa;Muriel;Tripoli
785;Receipt;2022-09-09;Arlina;Desai;Banda Aceh
786;Receipt;2022-03-20;Allis;Dosia;Santo Domingo
787;Order;2022-12-28;Libbie;Karl;Andorra la Vella
788;Invoice;2022-07-15;Layla;Albertine;Philadelphia
789;Invoice;2022-09-03;Oona;Kenney;Linz
790;Order;2022-04-28;Zondra;Charity;Fredericton
791;Receipt;2022-01-15;Kimberley;Lymann;Tórshavn
792;Receipt;2022-07-10;Maisey;Dahlia;Miri
793;Invoice;2022-07-29;Merci;Tice;Hai Phong
794;Receipt;2022-09-21;Ardenia;Weinreb;Cuiabá
795;Receipt;2022-10-19;Dawn;Ietta;Kraków
796;Receipt;2022-02-27;Jacquetta;Brady;Dili
797;Invoice;2022-03-16;Elvira;Breed;Pelotas
798;Receipt;2022-05-26;Nariko;Carleen;Blantyre
799;Receipt;2022-03-10;Concettina;Klemperer;Aberdeen
800;Receipt;2022-06-22;Selia;Guthrie;Shijiazhuang
801;Invoice;2022-12-25;Wanda;Couture;Ürümqi
802;Invoice;2022-01-07;Neila;Buffum;Virginia Beach
803;Invoice;2022-06-24;Beverley;Eckblad;Rochester
804;Receipt;2022-07-05;Anestassia;Irmine;Malé
805;Receipt;2022-02-14;Randa;Bandeen;Yokohama
806;Invoice;2022-11-22;Merry;Rozanna;Cairns
807;Invoice;2022-05-08;Binny;Magnolia;Caracas
808;Order;2022-11-25;Darlleen;Zaslow;Sofia
809;Order;2022-10-22;Lory;Solitta;Atlanta
810;Order;2022-12-01;Leona;Lareena;Bucharest
811;Invoice;2022-08-19;Roxane;Ashely;Asunción
812;Order;2022-06-14;Ingrid;Sholley;Tampa
813;Receipt;2022-10-02;Ileana;Rillings;Riverside
814;Order;2022-04-18;Dede;Aldric;Havana
815;Receipt;2022-11-14;Eugine;Krystle;Austin
816;Invoice;2022-04-18;Gusty;Cordi;Porto-Novo
817;Order;2022-06-07;Jan;Wesle;Mexico City
818;Receipt;2022-02-09;Amara;Agle;Quito
819;Order;2022-12-19;Mireielle;Cherianne;Chuí
820;Invoice;2022-09-09;Sara-Ann;Soneson;Saint-Pierre
821;Receipt;2022-06-06;Trixi;Cullin;Algiers
822;Receipt;2022-01-05;Lanae;Giule;Manzini
823;Receipt;2022-06-18;Miquela;Hull;Winnipeg
824;Invoice;2022-06-14;Halette;Justinn;Winnipeg
825;Order;2022-10-01;Chickie;Teryn;South Tarawa
826;Invoice;2022-09-18;Livvyy;Iaverne;Lanzhou
827;Order;2022-11-02;Karlee;Secrest;Zapopan
828;Order;2022-11-01;Mathilda;Deny;Sabha
829;Order;2022-10-20;Marika;Adalbert;Detroit
830;Order;2022-07-09;Jany;Pip;Manama
831;Receipt;2022-10-16;Blondelle;Milson;Jacksonville
832;Receipt;2022-10-10;Consuela;Hailee;Hamburg
833;Invoice;2022-10-04;Frieda;Shama;Kandahar
834;Invoice;2022-10-11;Nonnah;Amand;St. Louis
835;Receipt;2022-12-06;Tomasina;Vittoria;St. Louis
836;Invoice;2022-07-29;Ottilie;Lia;Kandahar
837;Invoice;2022-05-23;Benita;Dichy;Oslo
838;Order;2022-06-08;Emmey;Alarise;Zanzibar City
839;Receipt;2022-04-13;Kristan;Truc;Novosibirsk
840;Invoice;2022-10-05;Kelly;Fiester;Prague
841;Order;2022-01-29;Raquela;Nance;Cali
842;Order;2022-02-18;Lory;Emmaline;Glasgow
843;Invoice;2022-11-05;Tami;Thema;Kingston
844;Order;2022-08-18;Cherilyn;Sidonius;Glasgow
845;Invoice;2022-01-30;Aeriela;Cassius;Jamestown
846;Invoice;2022-12-09;Glenda;Junie;São José dos Campos
847;Invoice;2022-03-30;Miquela;Barney;Seattle
848;Invoice;2022-02-05;Vevay;Shaddock;Cockburn Town
849;Invoice;2022-05-30;Shaylyn;Rolf;Nanning
850;Invoice;2022-06-04;Tatiania;Blisse;Atlanta
851;Invoice;2022-04-05;Corene;Ahab;Newcastle
852;Invoice;2022-10-30;Sidoney;Presber;Porto-Novo
853;Order;2022-10-14;Petronia;Felecia;Belgrade
854;Receipt;2022-07-13;Mamie;Danby;Düsseldorf
855;Order;2022-06-16;Sam;Bartlett;Honiara
856;Receipt;2022-09-02;Dode;Hieronymus;Ürümqi
857;Invoice;2022-10-21;Babita;Vary;Forked River
858;Invoice;2022-10-22;Christy;Jehu;Tel Aviv
859;Receipt;2022-06-05;Clo;Hull;Surat Thani
860;Receipt;2022-08-23;Olivette;Vittoria;Lhasa
861;Receipt;2022-12-28;Wanda;Rudolph;Kabul
862;Receipt;2022-06-27;Charlena;Gamaliel;Sitka
863;Order;2022-03-10;Jany;Klemperer;Turin
864;Invoice;2022-07-28;Kirstin;Camden;Leipzig
865;Order;2022-06-22;Rozele;Thema;Washington
866;Order;2022-01-29;Nannie;Gavrila;Mecca
867;Order;2022-02-27;Jennica;Pip;Guatemala City
868;Invoice;2022-04-30;Lucille;Rosalba;Incheon
869;Order;2022-05-13;Kristan;Wandie;Lisbon
870;Order;2022-05-04;Brietta;Amadas;Tianjin
871;Invoice;2022-09-18;Concettina;Tristram;Wellington
872;Invoice;2022-05-08;Odessa;Gilbertson;Patna
873;Invoice;2022-10-10;Sindee;Pandolfi;Pyongyang
874;Receipt;2022-04-19;Melina;Etom;Lviv
875;Order;2022-04-03;Mahalia;O'Rourke;Tijuana
876;Order;2022-07-09;Deane;Emanuel;Geelong
877;Receipt;2022-07-30;Demetris;August;Recife
878;Order;2022-05-20;Stevana;Korey;Ludhiana
879;Receipt;2022-03-20;Hayley;Amethist;Helsinki
880;Order;2022-09-10;Lory;Leifeste;Alexandria
881;Order;2022-05-12;Arlina;Whittaker;Barranquilla
882;Invoice;2022-08-29;Kara-Lynn;Fleeta;Chişinău
883;Order;2022-12-07;Alleen;Heisel;Chittagong
884;Invoice;2022-02-21;Anallese;Lay;Mbabane
885;Receipt;2022-07-01;Annabela;Elo;Douglas
886;Receipt;2022-01-21;Gale;Lowry;Maceió
887;Invoice;2022-03-08;Sabina;Anyah;Lubumbashi
888;Order;2022-04-22;Ursulina;Magdalen;Buffalo
889;Receipt;2022-10-07;Krystle;Felecia;Cannes
890;Order;2022-07-02;Barbi;Stilwell;Palikir
891;Order;2022-11-09;Leanna;Eckblad;Bulawayo
892;Order;2022-11-11;Fayre;Redmond;Astana
893;Receipt;2022-03-24;Rhoda;Melony;Karachi
894;Order;2022-11-23;Sybille;Arley;Santa Cruz de la Sierra
895;Invoice;2022-03-27;Bee;Tannie;San José
896;Receipt;2022-09-12;Sharai;Rurik;Taichung
897;Order;2022-07-11;Anallese;Jehu;Surat
898;Receipt;2022-02-25;Jennica;Thunell;Saskatoon
899;Receipt;2022-08-12;Gilda;Durware;Accra
900;Receipt;2022-08-23;Joy;Amand;Cleveland
901;Invoice;2022-05-29;Kamilah;Kare;Manama
902;Invoice;2022-05-02;Justinn;Diogenes;Tamale
903;Order;2022-07-22;Ninnetta;Boehike;Tiraspol
904;Receipt;2022-11-05;Anestassia;Katrine;Kandy
905;Order;2022-08-28;Eadie;Celestine;Split (city)
906;Invoice;2022-03-14;Leona;Weaks;Nouakchott
907;Receipt;2022-12-20;Ana;Shanley;Malé
908;Receipt;2022-03-21;Olivette;Rossner;Valletta
909;Invoice;2022-01-27;Meriel;Dearborn;Porto-Novo
910;Receipt;2022-01-28;Xylina;Francyne;Luxembourg (city)
911;Receipt;2022-07-22;Brana;Septima;Toronto
912;Receipt;2022-03-01;Joy;Sharl;Seattle
913;Receipt;2022-06-16;Viviene;Armanda;Porto Velho
914;Order;2022-08-03;Caritta;Jillane;Mérida
915;Invoice;2022-04-28;Roxane;Dannye;Kawasaki
916;Receipt;2022-08-29;Chloris;Pearse;Hamburg
917;Order;2022-03-04;Maye;Harriman;Seoul
918;Receipt;2022-03-01;Kassey;Wyn;Tampere
919;Invoice;2022-03-09;Emmey;Madox;Rawalpindi
920;Receipt;2022-06-20;Angelique;Tengdin;Amman
921;Order;2022-05-21;Di;Rheingold;Mogadishu
922;Order;2022-06-06;Neila;Darian;Montreal
923;Invoice;2022-04-26;Arlina;Thunell;Rockhampton
924;Invoice;2022-06-05;Ana;Seumas;Gaziantep
925;Invoice;2022-02-17;Fernande;Lane;Pristina
926;Receipt;2022-10-03;Etta;Kat;Cologne
927;Receipt;2022-10-19;Beth;Docilla;Hai Phong
928;Invoice;2022-08-26;Nollie;Lynn;Belize City
929;Order;2022-02-03;Alejandra;Macey;Harbin
930;Invoice;2022-12-24;Rori;Birdella;Moroni
931;Invoice;2022-08-13;Cacilie;Tyson;Antwerp
932;Order;2022-09-14;Barbi;Sidonius;Asunción
933;Receipt;2022-06-19;Lauryn;Clie;Zamboanga City
934;Order;2022-08-04;Nelle;Lauraine;Omsk
935;Invoice;2022-05-02;Reeba;Kenwood;Perth
936;Receipt;2022-07-24;Dorice;McAdams;Banda Aceh
937;Receipt;2022-05-24;Dotty;Eno;Padang
938;Receipt;2022-08-02;Ingrid;Curren;Louisville
939;Receipt;2022-07-03;Joelly;Harday;Ulan Bator
940;Invoice;2022-12-17;Siana;Hoban;Samara
941;Receipt;2022-06-04;Lory;Darbie;Portland
942;Receipt;2022-02-21;Letizia;Pitt;Iquitos
943;Receipt;2022-10-25;Genevra;Armanda;Patna
944;Invoice;2022-09-10;Wileen;Socha;Khartoum
945;Invoice;2022-12-10;Alleen;Podvin;Semarang
946;Invoice;2022-11-17;Perry;Payson;Zanzibar City
947;Invoice;2022-08-08;Kamilah;Yorick;Santa Cruz de la Sierra
948;Invoice;2022-05-27;Florencia;Gregrory;Brikama
949;Receipt;2022-02-27;Kimmy;Naor;San Salvador
950;Receipt;2022-04-20;Candi;Giule;Santa Cruz de Tenerife
951;Order;2022-10-02;Bobinette;Donell;Yangon
952;Order;2022-10-09;Goldie;Podvin;Lima
953;Invoice;2022-01-31;Lucy;Rosette;Mecca
954;Invoice;2022-07-06;Merci;Freddi;Tampa
955;Invoice;2022-07-04;Fidelia;Neva;Yogyakarta (city)
956;Order;2022-03-16;Bibby;Ludewig;Melbourne
957;Order;2022-04-02;Flory;Byrne;Pekanbaru
958;Order;2022-08-28;Dode;Carbo;Providence
959;Order;2022-05-19;Kaia;Harriman;Pago Pago
960;Receipt;2022-04-04;Lucy;Lane;Sofia
961;Invoice;2022-11-03;Alex;Colleen;Seoul
962;Order;2022-03-27;Yvonne;Arvo;Antananarivo
963;Invoice;2022-03-25;Feliza;Monaco;Cali
964;Order;2022-11-15;Cam;Hathaway;Vatican City
965;Receipt;2022-04-05;Adriana;Kolnick;Tampere
966;Invoice;2022-09-03;Isa;Holbrook;Tashkent
967;Order;2022-12-19;Moyna;Secrest;Livingstone
968;Invoice;2022-08-01;Celisse;Shama;Cincinnati
969;Order;2022-10-11;Ruthe;Ackerley;Nuuk
970;Invoice;2022-11-03;Harrietta;Crudden;Adana
971;Invoice;2022-01-16;Dulce;Sisile;Srinagar
972;Order;2022-04-10;Blake;Luhe;Tallinn
973;Invoice;2022-11-15;Rivalee;Callista;Basra
974;Order;2022-03-28;Marcy;Glovsky;Belgrade
975;Invoice;2022-01-29;Gisela;Schalles;Pune
976;Receipt;2022-12-26;Binny;Dahlia;Bloemfontein
977;Invoice;2022-08-21;Loree;Pernick;Bahía Blanca
978;Receipt;2022-03-12;Carmela;Darian;Ho Chi Minh City
979;Receipt;2022-03-13;Margalo;Himelman;Whitehorse
980;Invoice;2022-02-16;Valli;Gerge;Caracas
981;Invoice;2022-12-18;Millie;Zola;Panama City
982;Receipt;2022-02-08;Sissy;Barrus;Norilsk
983;Invoice;2022-07-17;Belinda;Selway;Xining
984;Receipt;2022-06-02;Trixi;Khorma;Petropavlovsk-Kamchatsky
985;Receipt;2022-04-15;Arlina;Nore;Chuí
986;Receipt;2022-12-24;Valeda;Bord;Skopje
987;Order;2022-10-22;Orsola;Lesley;Luxor
988;Order;2022-04-27;Cacilie;Arvo;Calgary
989;Receipt;2022-05-16;Rivalee;Justinn;Leeds
990;Receipt;2022-02-28;Brena;Irmine;Cuiabá
991;Receipt;2022-10-26;Genovera;Monaco;South Tarawa
992;Receipt;2022-09-24;Dede;Tufts;San José
993;Receipt;2022-10-29;Dennie;Shanley;Algiers
994;Invoice;2022-11-30;Tonia;Karylin;Nizhny Novgorod
995;Invoice;2022-12-20;Zondra;Halla;Winnipeg
996;Invoice;2022-11-28;Carree;Carri;Luanda
997;Order;2022-05-10;Marleah;Truc;Iloilo City
998;Order;2022-10-02;Roz;Hachmin;Hanga Roa
999;Order;2022-09-06;Letizia;Khorma;Valletta
1000;Order;2022-02-02;Sonni;Tice;Murmansk